Workbook

Sheet 1º
A1: PARTE DE 1º AÑO - 2026 - | H1: 46293
A2: LUNES | D2: =H1 -> 46293 | H2: 46294
A3: ASIGNATURA | B3: FIRMA PROFESOR | C3: ALUMNOS AUSENTE | D3: INASISTENCIA JUSTIFICADA | E3: OBSERVACIONES | H3: 46295
H4: =H3+1 -> 46296
A5: FORM. ETICA Y CIUD. | H5: =H4+1 -> 46297
A6: FORM. ETICA Y CIUD.
A7: MATEMATICA
A8: MATEMATICA
A9: LENGUA
A10: LENGUA
A11: MUSICA
A12: MUSICA
A13: FÍSICA Y QUÍMICA
A14: FÍSICA Y QUÍMICA
A15: MARTES | D15: =H2 -> 46294
A16: ASIGNATURA | B16: FIRMA PROFESOR | C16: ALUMNOS AUSENTE | D16: INASISTENCIA JUSTIFICADA | E16: OBSERVACIONES
A18: INGLÉS
A19: INGLÉS
A20: MATEMATICA
A21: MATEMATICA
A22: LENGUA
A23: LENGUA
A24: ITALIANO
A25: ITALIANO
A26: ED FISICA
A27: ED FISICA
A28: MIÈRCOLES | D28: =H3 -> 46295
A29: ASIGNATURA | B29: FIRMA PROFESOR | C29: ALUMNOS AUSENTE | D29: INASISTENCIA JUSTIFICADA | E29: OBSERVACIONES
A31: FISICO-QUIMICA
A32: HISTORIA
A33: TUTORIA
A34: TUTORIA
A35: GEOGRAFIA
A36: GEOGRAFIA
A37: ARTES VISUALES
A38: ARTES VISUALES
A39: INGLES
A40: BIOLOGÍA
A41: JUEVES | D41: =H4 -> 46296
A42: ASIGNATURA | B42: FIRMA PROFESOR | C42: ALUMNOS AUSENTE | D42: INASISTENCIA JUSTIFICADA | E42: OBSERVACIONES
A44: LENGUA
A45: LENGUA
A46: HISTORIA
A47: HISTORIA
A48: MATEMATICA
A49: GEOGRAFIA
A50: ED FISICA
A51: ED FISICA
A52: VIERNES | D52: =H5 -> 46297
A53: ASIGNATURA | B53: FIRMA PROFESOR | C53: ALUMNOS AUSENTE | D53: INASISTENCIA JUSTIFICADA | E53: OBSERVACIONES
A55: MATEMATICA
A56: MATEMATICA
A57: ED. TECNOLÓGICA
A58: ED. TECNOLÓGICA
A59: BIOLOGIA
A60: BIOLOGIA
A61: ITALIANO
A62: ITALIANO

Sheet 2º
A1: PARTE DE 2º AÑO - 2026 -
A2: LUNES | D2: ='1º'!H1 -> 46293
A3: ASIGNATURA | B3: FIRMA PROFESOR | C3: ALUMNOS AUSENTE | D3: INASISTENCIA JUSTIFICADA | E3: OBSERVACIONES
A5: FISICO-QUIMICA
A6: FISICO-QUIMICA
A7: FORMACION ET Y CIUD
A8: FORMACION ET Y CIUD
A9: ED. TECN (INFORM)
A10: ED. TECN (INFORM)
A11: LENGUA
A12: LENGUA
A13: MUSICA
A14: MUSICA
A15: MARTES | D15: ='1º'!H2 -> 46294
A16: ASIGNATURA | B16: FIRMA PROFESOR | C16: ALUMNOS AUSENTE | D16: INASISTENCIA JUSTIFICADA | E16: OBSERVACIONES
A18: ITALIANO
A19: ITALIANO
A20: INGLES
A21: INGLES
A22: MATEMATICA
A23: MATEMATICA
A24: LENGUA
A25: LENGUA
A26: MIERCOLES | D26: ='1º'!H3 -> 46295
A27: ASIGNATURA | B27: FIRMA PROFESOR | C27: ALUMNOS AUSENTE | D27: INASISTENCIA JUSTIFICADA | E27: OBSERVACIONES
A29: TUTORIA
A30: TUTORIA
A31: GEOGRAFIA
A32: GEOGRAFIA
A33: HISTORIA
A34: HISTORIA
A35: INGLES
A36: BIOLOGIA
A37: ARTES VISUALES
A38: ARTES VISUALES
A39: JUEVES | D39: ='1º'!H4 -> 46296
A40: ASIGNATURA | B40: FIRMA PROFESOR | C40: ALUMNOS AUSENTE | D40: INASISTENCIA JUSTIFICADA | E40: OBSERVACIONES
A42: MATEMATICA
A43: MATEMATICA
A44: TUTORIA DISCIPLINAR (LENGUA)
A45: LENGUA
A46: ITALIANO
A47: ITALIANO
A48: GEOGRAFIA
A49: HISTORIA
A50: ED. FÍSICA
A51: ED. FÍSICA
A52: VIERNES | D52: ='1º'!H5 -> 46297
A53: ASIGNATURA | B53: FIRMA PROFESOR | C53: ALUMNOS AUSENTE | D53: INASISTENCIA JUSTIFICADA | E53: OBSERVACIONES
A55: BIOLOGIA
A56: BIOLOGIA
A57: MATEMATICA
A58: MATEMATICA
A59: ED.TECNOLOGICA
A60: ED.TECNOLOGICA
A61: ED. FÍSICA
A62: ED. FÍSICA

Sheet 3º
A1: PARTE DE 3º AÑO - 2026 -
A2: LUNES | D2: ='1º'!H1 -> 46293
A3: ASIGNATURA | B3: FIRMA PROFESOR | C3: ALUMNOS AUSENTE | D3: INASISTENCIA JUSTIFICADA | E3: OBSERVACIONES
A5: MATEMATICA
A6: MATEMATICA
A7: LENGUA
A8: LENGUA
A9: ARTES VISUALES
A10: ARTES VISUALES
A11: FISICO-QUIMICA
A12: FISICO-QUIMICA
A13: ED. TECN (INFORM)
A14: ED. TECN (INFORM)
A15: MARTES | D15: ='1º'!H2 -> 46294
A16: ASIGNATURA | B16: FIRMA PROFESOR | C16: ALUMNOS AUSENTE | D16: INASISTENCIA JUSTIFICADA | E16: OBSERVACIONES
A18: MATEMATICA
A19: MATEMATICA
A20: TUTORIA (LENGUA)
A21: LENGUA
A22: INGLES
A23: INGLES
A24: ED. FÍSICA
A25: ED. FÍSICA
A26: MIERCOLES | D26: ='1º'!H3 -> 46295
A27: ASIGNATURA | B27: FIRMA PROFESOR | C27: ALUMNOS AUSENTE | D27: INASISTENCIA JUSTIFICADA | E27: OBSERVACIONES
A29: ITALIANO
A30: ITALIANO
A31: HISTORIA
A32: HISTORIA
A33: TUTORIA
A34: TUTORIA
A35: BIOLOGIA
A36: INGLES
A37: MUSICA
A38: MUSICA
A39: JUEVES | D39: ='1º'!H4 -> 46296
A40: ASIGNATURA | B40: FIRMA PROFESOR | C40: ALUMNOS AUSENTE | D40: INASISTENCIA JUSTIFICADA | E40: OBSERVACIONES
A42: ITALIANO
A43: ITALIANO
A44: MATEMATICA
A45: MATEMATICA
A46: FORMACION ETICA
A47: FORMACION ETICA
A48: HISTORIA
A49: GEOGRAFIA
A50: ED. FÍSICA
A51: ED. FÍSICA
A52: VIERNES | D52: ='1º'!H5 -> 46297
A53: ASIGNATURA | B53: FIRMA PROFESOR | C53: ALUMNOS AUSENTE | D53: INASISTENCIA JUSTIFICADA | E53: OBSERVACIONES
A55: ED.TECNOLOGIA
A56: ED.TECNOLOGIA
A57: GEOGRAFIA
A58: GEOGRAFIA
A59: LENGUA
A60: LENGUA
A61: BIOLOGIA
A62: BIOLOGIA

Sheet 4º
A1: PARTE DE 4º AÑO - 2026 -
A2: LUNES | D2: ='1º'!H1 -> 46293
A3: ASIGNATURA | B3: FIRMA PROFESOR | C3: ALUMNOS AUSENTE | D3: INASISTENCIA JUSTIFICADA | E3: OBSERVACIONES
A5: FISICA
A6: FISICA
A7: ARTES VISUALES
A8: ARTES VISUALES
A9: LENGUA
A10: LENGUA
A11: HISTORIA
A12: HISTORIA
A13: INGLES
A14: INGLES
A15: MARTES | D15: ='1º'!H2 -> 46294
A16: ASIGNATURA | B16: FIRMA PROFESOR | C16: ALUMNOS AUSENTE | D16: INASISTENCIA JUSTIFICADA | E16: OBSERVACIONES
A18: LENGUA
A19: LENGUA
A20: ITALIANO
A21: ITALIANO
A22: PSICOLOGIA
A23: LENGUA
A24: ED. FÍSICA
A25: ED. FÍSICA
A26: MIERCOLES | D26: ='1º'!H3 -> 46295
A27: ASIGNATURA | B27: FIRMA PROFESOR | C27: ALUMNOS AUSENTE | D27: INASISTENCIA JUSTIFICADA | E27: OBSERVACIONES
A29: QUIMICA
A30: QUIMICA
A31: ITALIANO
A32: ITALIANO
A33: MATEMATICA
A34: MATEMATICA
A35: ECONOMIA
A36: ECONOMIA
A37: INGLES
A38: INGLES
A39: JUEVES | D39: ='1º'!H4 -> 46296
A40: ASIGNATURA | B40: FIRMA PROFESOR | C40: ALUMNOS AUSENTE | D40: INASISTENCIA JUSTIFICADA | E40: OBSERVACIONES
A42: FISICA
A43: FISICA
A44: BIOLOGIA
A45: BIOLOGIA
A46: MATEMATICA
A47: MATEMATICA
A48: MUSICA
A49: MUSICA
A50: VIERNES | D50: ='1º'!H5 -> 46297
A51: ASIGNATURA | B51: FIRMA PROFESOR | C51: ALUMNOS AUSENTE | D51: INASISTENCIA JUSTIFICADA | E51: OBSERVACIONES
A53: FORMACION ETICA
A54: FORMACION ETICA
A55: PSICOLOGIA
A56: PSICOLOGIA
A57: GEOGRAFIA
A58: GEOGRAFIA
A59: MATEMATICA
A60: QUIMICA
A61: ED. FÍSICA
A62: ED. FÍSICA

Sheet 5º
A1: PARTE DE 5º AÑO - 2026 -
A2: LUNES | D2: ='1º'!H1 -> 46293
A3: ASIGNATURA | B3: FIRMA PROFESOR | C3: ALUMNOS AUSENTE | D3: INASISTENCIA JUSTIFICADA | E3: OBSERVACIONES
A5: QUIMICA
A6: QUIMICA
A7: LITERATURA
A8: LITERATURA
A9: FISICA
A10: FISICA
A11: TIC´S
A12: TIC´S
A13: INGLES
A14: INGLES
A15: MARTES | D15: ='1º'!H2 -> 46294
A16: ASIGNATURA | B16: FIRMA PROFESOR | C16: ALUMNOS AUSENTE | D16: INASISTENCIA JUSTIFICADA | E16: OBSERVACIONES
A18: QUIMICA
A19: FILOSOFIA
A20: FILOSOFIA
A21: FILOSOFIA
A22: ITALIANO
A23: ITALIANO
A24: MATEMATICA
A25: MATEMATICA
A26: ED. FÍSICA
A27: ED. FÍSICA
A28: MIERCOLES | D28: ='1º'!H3 -> 46295
A29: ASIGNATURA | B29: FIRMA PROFESOR | C29: ALUMNOS AUSENTE | D29: INASISTENCIA JUSTIFICADA | E29: OBSERVACIONES
A31: HISTORIA
A32: CS. DE LA TIERRA
A33: MATEMATICA
A34: MATEMATICA
A35: LITERATURA
A36: LITERATURA
A37: GEOGRAFIA
A38: GEOGRAFIA
A39: INGLES
A40: INGLES
A41: JUEVES | D41: ='1º'!H4 -> 46296
A42: ASIGNATURA | B42: FIRMA PROFESOR | C42: ALUMNOS AUSENTE | D42: INASISTENCIA JUSTIFICADA | E42: OBSERVACIONES
A44: HISTORIA
A45: HISTORIA
A46: ITALIANO
A47: ITALIANO
A48: FISICA
A49: FISICA
A50: BIOLOGIA
A51: BIOLOGIA
A52: ED. FÍSICA
A53: ED. FÍSICA
A54: VIERNES | D54: ='1º'!H5 -> 46297
A55: ASIGNATURA | B55: FIRMA PROFESOR | C55: ALUMNOS AUSENTE | D55: INASISTENCIA JUSTIFICADA | E55: OBSERVACIONES
A57: BIOLOGIA
A58: BIOLOGIA
A59: FORMACION ETICA
A60: FORMACION ETICA
A61: MATEMATICA
A62: MATEMATICA
A63: CS. DE LA TIERRA
A64: CS. DE LA TIERRA

Sheet 6º
A1: PARTE DE 6º AÑO - 2026 -
A2: LUNES | D2: ='1º'!H1 -> 46293
A3: ASIGNATURA | B3: FIRMA PROFESOR | C3: ALUMNOS AUSENTE | D3: INASISTENCIA JUSTIFICADA | E3: OBSERVACIONES
A5: LITERATURA
A6: LITERATURA
A7: FISICA
A8: FISICA
A9: HISTORIA
A10: HISTORIA
A11: ITALIANO
A12: ITALIANO
A13: INGLES
A14: INGLES
A15: MARTES | D15: ='1º'!H2 -> 46294
A16: ASIGNATURA | B16: FIRMA PROFESOR | C16: ALUMNOS AUSENTE | D16: INASISTENCIA JUSTIFICADA | E16: OBSERVACIONES
A18: ECOLOGIA
A19: ECOLOGIA
A20: IICSN
A21: IICSN
A22: MATEMATICA
A23: MATEMATICA
A24: QUIMICA
A25: QUIMICA
A26: ED. FÍSICA
A27: ED. FÍSICA
A28: MIERCOLES | D28: ='1º'!H3 -> 46295
A29: ASIGNATURA | B29: FIRMA PROFESOR | C29: ALUMNOS AUSENTE | D29: INASISTENCIA JUSTIFICADA | E29: OBSERVACIONES
A31: QUIMICA
A32: QUIMICA
A33: LITERATURA
A34: LITERATURA
A35: ITALIANO
A36: ITALIANO
A37: MATEMATICA
A38: MATEMATICA
A39: INGLES
A40: INGLES
A41: JUEVES | D41: ='1º'!H4 -> 46296
A42: ASIGNATURA | B42: FIRMA PROFESOR | C42: ALUMNOS AUSENTE | D42: INASISTENCIA JUSTIFICADA | E42: OBSERVACIONES
A44: ECOLOGIA
A45: IICSN
A46: FISICA
A47: FISICA
A48: BIOLOGIA
A49: BIOLOGIA
A50: P EDUCATIVA
A51: P EDUCATIVA
A52: VIERNES | D52: ='1º'!H5 -> 46297
A53: ASIGNATURA | B53: FIRMA PROFESOR | C53: ALUMNOS AUSENTE | D53: INASISTENCIA JUSTIFICADA | E53: OBSERVACIONES
A55: GEOGRAFIA
A56: GEOGRAFIA
A57: PRAC EDUC (MATEM)
A58: PRAC EDUC (MATEM)
A59: FORMACION ETICA
A60: FORMACION ETICA
A61: ED. FÍSICA
A62: ED. FÍSICA

Sheet HS EXTRAS LUCHO
A1: MARZO
A2: DIA | C2: CANT DE HS
A3: LU | B3: 46090 | C3: 3
A4: MA | B4: 46091 | C4: 2
A5: MI | B5: 46092 | C5: 0
A6: JU | B6: 46093 | C6: 2
A7: VI | B7: 46094 | C7: 2
A8: LU | B8: 45732 | C8: 0 | H8: 19 | I8: 166000
A9: MA | B9: 45733 | C9: 0 | H9: 35
A10: MI | B10: 45734 | C10: 3
A11: JU | B11: 45735 | C11: 2
A12: VI | B12: 45736 | C12: 0 | H12: =(H9*I8)/H8 -> 305789.47
A13: LU | B13: 45739 | C13: 0
A14: MI | B14: 45741 | C14: 3
A15: JU | B15: 46107 | C15: 0
A16: VI | B16: 46108 | C16: 0
A17: LU | B17: 46111 | C17: 0
A18: MA | B18: 46112 | C18: 2
A19: TOTAL | C19: =SUM(C3:C18) -> 19
A22: ABRIL
A23: DIA | C23: CANT DE HS
A24: LU | B24: 46113 | C24: 3
A25: LU | B25: 45753 | C25: 0
A26: MA | B26: 45754 | C26: 0
A27: MI | B27: 45755 | C27: 3 | H27: 19 | I27: 166000
A28: JU | B28: 45756 | C28: 2 | H28: 40
A29: VI | B29: 45757 | C29: 2
A30: LU | B30: 46125 | C30: 3
A31: MA | B31: 46126 | C31: 2 | H31: =(H28*I27)/H27 -> 349473.68
A32: MI | B32: 46127 | C32: 0
A33: JU | B33: 46128 | C33: 2
A34: VI | B34: 46129 | C34: 2
A35: LU | B35: 45767 | C35: 3
A36: MA | B36: 45768 | C36: 2
A37: MI | B37: 45769 | C37: 0
A38: JU | B38: 45770 | C38: 2
A39: VI | B39: 45771 | C39: 2
A40: LU | B40: 45774 | C40: 3
A41: MA | B41: 45775 | C41: 2
A42: MI | B42: 45776 | C42: 0
A43: JU | B43: 45777 | C43: 2
A44: TOTAL | C44: =SUM(C24:C43) -> 35
A48: Mayo
A49: DIA | C49: CANT DE HS
A50: LU | B50: 45416 | C50: 3
A51: MA | B51: 45782 | C51: 2
A52: MI | B52: 45783 | C52: 3
A53: JU | B53: 45784 | C53: 2 | H53: 19 | I53: 166000
A54: VI | B54: 45420 | C54: 2 | H54: 40
A55: LU | B55: 45788 | C55: 3
A56: MA | B56: 45789 | C56: 2
A57: MI | B57: 45790 | C57: 3 | H57: =(H54*I53)/H53 -> 349473.68
A58: JU | B58: 45791 | C58: 2
A59: VI | B59: 45792 | C59: 2
A60: MA | B60: 45795 | C60: 3
A61: MI | B61: 45796 | C61: 2
A62: JU | B62: 45797 | C62: 3
A63: LU | B63: 45798 | C63: 0
A64: MA | B64: 45799 | C64: 2
A65: MA | B65: 46168 | C65: 2
A66: MI | B66: 46169 | C66: 0
A67: JU | B67: 45805 | C67: 2
A68: VI | B68: 45806 | C68: 2
A69: TOTAL | C69: =SUM(C50:C68) -> 40
A73: JUNIO
A74: DIA | C74: CANT DE HS
A75: LU | B75: 45809 | C75: 3
A76: MA | B76: 45810 | C76: 2
A77: MI | B77: 45811 | C77: 3
A78: JU | B78: 45812 | C78: 2
A79: VI | B79: 45813 | C79: 2 | H79: 19 | I79: 166000
A80: LU | B80: 46181 | C80: 3 | H80: 48
A81: MA | B81: 46182 | C81: 2
A82: MI | B82: 46183 | C82: 3
A83: JU | B83: 46184 | C83: 2 | H83: =(H80*I79)/H79 -> 419368.42
A84: VI | B84: 46185 | C84: 2
A85: MA | B85: 46189 | C85: 2
A86: MI | B86: 46190 | C86: 3
A87: JU | B87: 46191 | C87: 2
A88: Vi | B88: 46192 | C88: 2
A89: LU | B89: 46195 | C89: 3
A90: MA | B90: 46196 | C90: 2
A91: MI | B91: 46197 | C91: 3
A92: JU | B92: 46198 | C92: 0
A93: VI | B93: 46199 | C93: 2
A94: LU | B94: 45837 | C94: 3
A95: MA | B95: 45838 | C95: 2
A96: TOTAL | C96: =SUM(C75:C95) -> 48
A99: JULIO
A100: DIA | C100: CANT DE HS
A102: MI | B102: 45108 | C102: 3
A103: JU | B103: 45109 | C103: 2 | H103: 19 | I103: 166000
A104: VI | B104: 45841 | C104: 0 | H104: 29
A105: LU | B105: 46223 | C105: 3
A106: MA | B106: 46224 | C106: 2
A107: MI | B107: 46225 | C107: 3 | H107: =(H104*I103)/H103 -> 253368.42
A108: JU | B108: 46226 | C108: 2
A109: VI | B109: 46227 | C109: 2
A110: LU | B110: 46230 | C110: 3
A111: MA | B111: 45866 | C111: 0
...

Sheet ED FISICA
A1: MES MARZO | C1: MA | D1: JU | E1: VI | F1: MA | G1: JU | H1: VI | I1: MA | J1: JU | K1: VI | L1: MA | M1: JU | N1: JU | O1: VI
A2: CURSO | B2: PROFE | C2: 17 | D2: 19 | E2: 20 | F2: 24 | G2: 26 | H2: 27 | I2: 31
A3: 1° | B3: FRANCO/PECO | C3: pendiente parte fisico | D3: pendiente parte fisico | F3: Feriado | G3: pendiente parte fisico | I3: pendiente parte fisico
A4: 2° | B4: PECO/JUAN | D4: pendiente parte fisico | E4: pendiente parte fisico | G4: pendiente parte fisico | H4: pendiente parte fisico
A5: 3° | B5: PECO/YAMI | C5: pendiente parte fisico | D5: pendiente parte fisico | G5: pendiente parte fisico | I5: pendiente parte fisico
A6: 4º | B6: FRANCO/JUAN | C6: pendiente parte fisico | E6: pendiente parte fisico | H6: pendiente parte fisico | I6: pendiente parte fisico
A7: 5º | B7: PECO/JUAN | C7: pendiente parte fisico | D7: pendiente parte fisico | G7: pendiente parte fisico | I7: pendiente parte fisico
A8: 6º | B8: JUAN/YAMI | C8: pendiente parte fisico | E8: pendiente parte fisico | H8: pendiente parte fisico | I8: pendiente parte fisico
A10: MES ABRIL | C10: JU | D10: VI | E10: MA | F10: JU | G10: VI | H10: MA | I10: JU | J10: VI | K10: MA | L10: JU | M10: VI | N10: MA | O10: JU
A11: CURSO | B11: PROFE | C11: 2 | D11: 3 | E11: 7 | F11: 9 | G11: 10 | H11: 14 | I11: 16 | J11: 17 | K11: 21 | L11: 23 | M11: 24 | N11: 28 | O11: 30
A12: 1° | B12: FRANCO/PECO | C12: FERIADO | E12: sin informacion | F12: OK | H12: OK | I12: OK | K12: OK | L12: OK | N12: OK | O12: OK
A13: 2° | B13: PECO/JUAN | F13: OK | G13: OK | I13: OK | J13: SUSPENDIDO AUSENTE JUAN | L13: OK | M13: OK | O13: OK
A14: 3° | B14: PECO/YAMI | E14: OK | F14: OK | H14: OK | I14: OK | K14: OK | L14: OK | N14: OK | O14: OK
A15: 4º | B15: FRANCO/JUAN | E15: OK | G15: OK | H15: OK | J15: OK | K15: OK | M15: OK | N15: OK
A16: 5º | B16: PECO/JUAN | E16: OK | F16: OK | H16: SUSPENDIDO | I16: PENDIENTE CHIPPER | K16: OK | L16: OK | N16: OK | O16: OK
A17: 6º | B17: JUAN/YAMI | E17: OK | G17: OK | H17: OK | J17: OK | K17: OK | M17: OK | N17: OK
A19: MES MAYO | C19: MA | D19: JU | E19: VI | F19: MA | G19: JU | H19: VI | I19: MA | J19: JU | K19: VI | L19: MA | M19: JU | N19: VI
A20: CURSO | B20: PROFE | C20: 5 | D20: 7 | E20: 8 | F20: 12 | G20: 14 | H20: 15 | I20: 19 | J20: 21 | K20: 22 | L20: 26 | M20: 28 | N20: 29
A21: 1° | B21: FRANCO/PECO | C21: OK | D21: SUSPENDIDO | F21: PENDIENTE | G21: PENDIENTE | I21: OK | J21: PENDIENTE | L21: ok | M21: ok
A22: 2° | B22: PECO/JUAN | D22: SUSPENDIDO | E22: OK | G22: ok | H22: PENDIENTE | J22: PENDIENTE | K22: PENDIENTE | M22: ok | N22: ok
A23: 3° | B23: PECO/YAMI | C23: OK | D23: OK CHIPPER | F23: ok | G23: PENDIENTE | I23: PENDIENTE | J23: PENDIENTE | L23: ok | M23: ok
A24: 4º | B24: FRANCO/JUAN | C24: OK | E24: PENDIENTE | I24: ok | L24: ok
A25: 5º | B25: PECO/JUAN | C25: OK | D25: OK ESCUELA | F25: ok | L25: ok | M25: ok
A26: 6º | B26: JUAN/YAMI | C26: OK | E26: ok | L26: ok | N26: ok
A28: MES JUNIO | C28: MA | D28: JU | E28: VI | F28: MA | G28: JU | H28: VI | I28: MA | J28: JU | K28: VI | L28: MA | M28: JU | N28: VI | O28: MA
A29: CURSO | B29: PROFE | C29: 2 | D29: 4 | E29: 5 | F29: 9 | G29: 11 | H29: 12 | I29: 16 | J29: 18 | K29: 19 | L29: 23 | M29: 25 | N29: 26 | O29: 30
A30: 1° | B30: FRANCO/PECO | C30: ok | D30: ok | F30: OK | G30: 46260 | I30: ok | J30: ok | L30: CEF | M30: torneo atletismo | O30: 46260
A31: 2° | B31: PECO/JUAN | D31: ok | E31: PENDIENTE | G31: ok | H31: ok | J31: ok | K31: ok | M31: torneo atletismo | N31: PENDIENTE
A32: 3° | B32: PECO/YAMI | C32: ok | D32: ok | F32: ok | G32: ok | I32: ok | J32: ok | L32: CEF | M32: torneo atletismo | O32: ok
A33: 4º | B33: FRANCO/JUAN | C33: ok | E33: 46260 | F33: 46260 | H33: ok | I33: ok | K33: ok | L33: CEF | N33: 46260 | O33: 46260
A34: 5º | B34: PECO/JUAN | C34: ok | D34: ok | F34: ok | G34: ok | I34: ok | J34: ok | L34: SUSP. | M34: PENDIENTE | O34: ok
A35: 6º | B35: JUAN/YAMI | C35: ok | E35: PENDIENTE | F35: ok | H35: ok | I35: ok | K35: ok | L35: SUSP. | N35: ok | O35: ok
A37: MES JULIO | C37: JU | D37: VI | E37: MA | F37: JU | G37: VI | H37: MA | I37: JU | J37: VI
A38: CURSO | B38: PROFE | C38: 2 | D38: 3 | E38: 21 | F38: 23 | G38: 24 | H38: 28 | I38: 30 | J38: 31
A39: 1° | B39: FRANCO/PECO | C39: ok | E39: 46260 | F39: CHIPPER | H39: JORNADA INSTITUCIONAL | I39: ok
A40: 2° | B40: PECO/JUAN | C40: ok | D40: no hubo clases/acto escolar | F40: CHIPPER | G40: COLEGIO | I40: suspendido Ausente peco
A41: 3° | B41: PECO/YAMI | C41: ok | E41: ok | F41: COLEGIO ok
A42: 4º | B42: FRANCO/JUAN | D42: PENDIENTE | E42: 46260 | G42: SUSPENDIDO | J42: 46260
A43: 5º | B43: PECO/JUAN | C43: ok | E43: ok BOX | F43: COLEGIO | I43: ok
A44: 6º | B44: JUAN/YAMI | D44: PENDIENTE | E44: ok BOX | G44: COLEGIO
A46: MES AGOSTO | C46: MA | D46: JU | E46: VI | F46: MA | G46: JU | H46: VI | I46: MA | J46: JU | K46: VI | L46: MA | M46: JU | N46: VI
A47: CURSO | B47: PROFE | C47: 4 | D47: 6 | E47: 7 | F47: 11 | G47: 13 | H47: 14 | I47: 18 | J47: 20 | K47: 21 | L47: 25 | M47: 27 | N47: 28
A48: 1° | B48: YAMILA | C48: ok | D48: ok | F48: ok | G48: SUSPENDIDO | I48: SUSPENDIDO | J48: ok | L48: ok | M48: SUSPENDIDO
A49: 2° | B49: BASCO | D49: ok | E49: ok | G49: SUSPENDIDO | H49: SUSPENDIDO | J49: ok | K49: ok | M49: SUSPENDIDO | N49: PENDIENTE
A50: 3° | B50: PECO | C50: ok | D50: ok | F50: ok | G50: SUSPENDIDO | I50: SUSPENDIDO | J50: ok | L50: SUSPENDIDO | M50: PENDIENTE
A51: 4º | B51: BASCO | C51: ok | E51: PENDIENTE | F51: PENDIENTE | H51: ok | I51: SUSPENDIDO | K51: ok | L51: ok | N51: PENDIENTE
A52: 5º | B52: BASCO | C52: ok | D52: ok | F52: ok | G52: ok | I52: SUSPENDIDO | J52: ok | L52: SUSPENDIDO | M52: PENDIENTE
A53: 6º | B53: PECO | C53: ok | E53: PENDIENTE | F53: ok | H53: ok | I53: SUSPENDIDO | K53: ok | L53: SUSPENDIDO | N53: ok
A55: MES SEPTIEMBRE | C55: MA | D55: JU | E55: VI | F55: MA | G55: JU | H55: VI | I55: MA | J55: JU | K55: VI | L55: MA | M55: JU | N55: VI | O55: MA
A56: CURSO | B56: PROFE | C56: 1 | D56: 3 | E56: 4 | F56: 8 | G56: 10 | H56: 11 | I56: 15 | J56: 17 | K56: 18 | L56: 24 | M56: 25 | N56: 26 | O56: 28
A57: 1° | B57: YAMILA | C57: ok | D57: ok | F57: ok | G57: ok | H57: DIA DEL MAESTRO | I57: ok
A58: 2° | B58: BASCO | D58: ok | E58: SUSPENDIDO | G58: ok
A59: 3° | B59: PECO | C59: ok | D59: ok | F59: ok | G59: ok | I59: ok
A60: 4º | B60: BASCO
A61: 5º | B61: BASCO
A62: 6º | B62: PECO
A64: MES OCTUBRE | C64: MA | D64: JU | E64: VI | F64: MA | G64: JU | H64: VI | I64: MA | J64: JU | K64: VI | L64: MA | M64: JU | N64: VI | O64: MA | P64: JU
A65: CURSO | B65: PROFE | C65: 1 | D65: 3 | E65: 4 | F65: 8 | G65: 10 | H65: 11 | I65: 15 | J65: 17 | K65: 18 | L65: 22 | M65: 24 | N65: 25 | O65: 29 | P65: 31
A66: 1° | B66: YAMILA | C66: 45597 | H66: feriado | I66: 45597 | K66: 45597 | L66: 45597 | O66: 45597
A67: 2° | B67: BASCO | D67: pendiente parte fisico | E67: pendiente parte fisico | G67: pendiente parte fisico | J67: pendiente parte fisico
A68: 3° | B68: JUAN/CECI | C68: pendiente parte fisico | D68: pendiente parte fisico | F68: pendiente parte fisico | G68: pendiente parte fisico
A69: 4º | B69: CECI / BASCO | C69: pendiente parte fisico | E69: pendiente parte fisico | F69: pendiente parte fisico | I69: pendiente parte fisico | K69: pendiente parte fisico | L69: sin informacion | N69: pendiente parte fisico | O69: sin informacion
A70: 5º | B70: CECI / BASCO | C70: pendiente parte fisico | D70: pendiente parte fisico | F70: pendiente parte fisico | G70: pendiente parte fisico | I70: sin informacion | J70: sin informacion | L70: pendiente parte fisico | M70: sin informacion | O70: pendiente parte fisico | P70: pendiente parte fisico
A71: 6º | B71: CECI / JUAN | C71: sin informacion | D71: pendiente parte fisico | F71: pendiente parte fisico | G71: pendiente parte fisico | I71: sin informacion | J71: sin informacion | L71: pendiente parte fisico | M71: pendiente parte fisico | O71: pendiente parte fisico | P71: pendiente parte fisico
A74: MES NOVIEMBRE | C74: VI | D74: MA | E74: JU | F74: VI | G74: MA | H74: JU | I74: VI | J74: MA | K74: JU | L74: VI | M74: MA | N74: JU | O74: VI
A75: CURSO | B75: PROFE | C75: 1 | D75: 5 | E75: 7 | F75: 8 | G75: 12 | H75: 14 | I75: 15 | J75: 19 | K75: 21 | L75: 22 | M75: 26 | N75: 28 | O75: 29
A76: 1° | B76: YAMILA | C76: pendiente parte fisico | D76: JORNADA | F76: pendiente parte fisico | G76: pendiente parte fisico | I76: SIN ACTIVIDAD | L76: TRIMESTRAL
A77: 2° | B77: BASCO | C77: pendiente parte fisico | E77: CAMPAMENTO | F77: CAMPAMENTO | H77: SIN ACTIVIDAD | I77: SIN ACTIVIDAD | L77: TRIMESTRAL
A78: 3° | B78: JUAN/CECI | D78: JORNADA | E78: CAMPAMENTO | G78: SIN ACTIVIDAD | H78: SIN ACTIVIDAD | K78: TRIMESTRAL
A79: 4º | B79: CECI / BASCO | C79: sin informacion | D79: JORNADA | F79: CAMPAMENTO | G79: SIN ACTIVIDAD | I79: SIN ACTIVIDAD | J79: TRIMESTRAL
A80: 5º | B80: CECI / BASCO | D80: JORNADA | E80: CAMPAMENTO | G80: SIN ACTIVIDAD | H80: SIN ACTIVIDAD | J80: TRIMESTRAL
A81: 6º | B81: CECI / JUAN | D81: JORNADA | E81: CAMPAMENTO | G81: SIN ACTIVIDAD | H81: SIN ACTIVIDAD | K81: TRIMESTRAL
G82: SIN COLECTIVO
